country,state,district,num_donors,total_amount,avg_amount
INDIA,ANDAMAN & NICOBAR ISLANDS,NICOBAR,3,3050,1017
INDIA,ANDAMAN & NICOBAR ISLANDS,NORTH & MIDDLE ANDAMAN,2,200,100
INDIA,ANDAMAN & NICOBAR ISLANDS,SOUTH ANDAMAN,10,4100,410
INDIA,ANDHRA PRADESH,ADILABAD,25,26418,1057
INDIA,ANDHRA PRADESH,ANANTAPUR,51,50806,996
INDIA,ANDHRA PRADESH,CHITTOOR,50,29895,598
INDIA,ANDHRA PRADESH,EAST GODAVARI,78,98716,1266
INDIA,ANDHRA PRADESH,GUNTUR,86,139842,1626
INDIA,ANDHRA PRADESH,HYDERABAD,1842,2929135,1590
INDIA,ANDHRA PRADESH,KARIMNAGAR,49,48777,995
INDIA,ANDHRA PRADESH,KHAMMAM,36,128818,3578
INDIA,ANDHRA PRADESH,KRISHNA,113,144676,1280
INDIA,ANDHRA PRADESH,KURNOOL,39,47592,1220
INDIA,ANDHRA PRADESH,MAHBUBNAGAR,21,27990,1333
INDIA,ANDHRA PRADESH,MEDAK,49,25184,514
INDIA,ANDHRA PRADESH,NALGONDA,30,12307,410
INDIA,ANDHRA PRADESH,NIZAMABAD,15,13158,877
INDIA,ANDHRA PRADESH,PRAKASAM,44,28960,658
INDIA,ANDHRA PRADESH,RANGAREDDY,453,924416,2041
INDIA,ANDHRA PRADESH,SRI POTTI SRIRAMULU NELLORE,38,25690,676
INDIA,ANDHRA PRADESH,SRIKAKULAM,35,25844,738
INDIA,ANDHRA PRADESH,VISAKHAPATNAM,220,399039,1814
INDIA,ANDHRA PRADESH,VIZIANAGARAM,23,8688,378
INDIA,ANDHRA PRADESH,WARANGAL,44,31937,726
INDIA,ANDHRA PRADESH,WEST GODAVARI,45,70267,1561
INDIA,ANDHRA PRADESH,Y. S. R.,37,30441,823
INDIA,ARUNACHAL PRADESH,CHANGLANG,1,1001,1001
INDIA,ARUNACHAL PRADESH,EAST SIANG,3,5110,1703
INDIA,ARUNACHAL PRADESH,PAPUM PARE,9,3161,351
INDIA,ARUNACHAL PRADESH,TAWANG,1,2500,2500
INDIA,ARUNACHAL PRADESH,TIRAP,1,501,501
INDIA,ARUNACHAL PRADESH,WEST KAMENG,2,551,276
INDIA,ARUNACHAL PRADESH,WEST SIANG,1,1000,1000
INDIA,ASSAM,BAKSA,1,500,500
INDIA,ASSAM,BARPETA,4,310,78
INDIA,ASSAM,BONGAIGAON,8,3703,463
INDIA,ASSAM,CACHAR,20,22658,1133
INDIA,ASSAM,CHIRANG,4,1411,353
INDIA,ASSAM,DARRANGGF,2,200,100
INDIA,ASSAM,DHEMAJI,2,710,355
INDIA,ASSAM,DHUBRI,5,2520,504
INDIA,ASSAM,DIBRUGARH,40,46561,1164
INDIA,ASSAM,DIMA HASAO,3,900,300
INDIA,ASSAM,GOALPARA,6,1071,179
INDIA,ASSAM,GOLAGHAT,5,601,120
INDIA,ASSAM,HAILAKANDI,4,1601,400
INDIA,ASSAM,JORHAT,10,5420,542
INDIA,ASSAM,KAMRUP,117,79614,680
INDIA,ASSAM,KAMRUP METROPOLITAN,73,51724,709
INDIA,ASSAM,KARBI ANGLONG,4,400,100
INDIA,ASSAM,KARIMGANJ,7,3425,489
INDIA,ASSAM,KOKRAJHAR,6,1661,277
INDIA,ASSAM,LAKHIMPUR,14,2406,172
INDIA,ASSAM,MORIGAON,4,2250,563
INDIA,ASSAM,NAGAON,18,5723,318
INDIA,ASSAM,NALBARI,3,1700,567
INDIA,ASSAM,SIVASAGAR,20,8821,441
INDIA,ASSAM,SONITPUR,19,5543,292
INDIA,ASSAM,TINSUKIA,24,28664,1194
INDIA,BIHAR,ARARIA,9,1924,214
INDIA,BIHAR,ARWAL,5,162,32
INDIA,BIHAR,AURANGABAD,33,24964,756
INDIA,BIHAR,BANKA,20,21163,1058
INDIA,BIHAR,BEGUSARAI,66,33805,512
INDIA,BIHAR,BHAGALPUR,75,23574,314
INDIA,BIHAR,BHOJPUR,50,27893,558
INDIA,BIHAR,BUXAR,25,13879,555
INDIA,BIHAR,DARBHANGA,53,18160,343
INDIA,BIHAR,GAYA,75,67922,906
INDIA,BIHAR,GOPALGANJ,25,13350,534
INDIA,BIHAR,JAMUI,12,7422,619
INDIA,BIHAR,JEHANABAD,13,8054,620
INDIA,BIHAR,KAIMUR (BHABUA),2,1100,550
INDIA,BIHAR,KATIHAR,11,5981,544
INDIA,BIHAR,KHAGARIA,19,2096,110
INDIA,BIHAR,KISHANGANJ,8,1662,208
INDIA,BIHAR,LAKHISARAI,20,4358,218
INDIA,BIHAR,MADHEPURA,13,2558,197
INDIA,BIHAR,MADHUBANI,45,26010,578
INDIA,BIHAR,MUNGER,63,33625,534
INDIA,BIHAR,MUZAFFARPUR,110,59480,541
INDIA,BIHAR,NALANDA,60,29345,489
INDIA,BIHAR,NAWADA,19,4954,261
INDIA,BIHAR,PASHCHIM CHAMPARAN,38,22274,586
INDIA,BIHAR,PATNA,456,451944,991
INDIA,BIHAR,PURNIA,37,21257,575
INDIA,BIHAR,PURVI CHAMPARAN,40,18030,451
INDIA,BIHAR,ROHTAS,51,47324,928
INDIA,BIHAR,SAHARSA,21,4383,209
INDIA,BIHAR,SAMASTIPUR,36,13310,370
INDIA,BIHAR,SARAN,29,13295,458
INDIA,BIHAR,SHEIKHPURA,15,3874,258
INDIA,BIHAR,SITAMARHI,27,9889,366
INDIA,BIHAR,SIWAN,47,15572,331
INDIA,BIHAR,SUPAUL,32,16701,522
INDIA,BIHAR,VAISHALI,40,12464,312
INDIA,CHANDIGARH,CHANDIGARH,392,833643,2127
INDIA,CHHATTISGARH,BALOD,7,3931,562
INDIA,CHHATTISGARH,BASTAR,12,8610,718
INDIA,CHHATTISGARH,BIJAPUR,1,100,100
INDIA,CHHATTISGARH,BILASPUR,104,81291,782
INDIA,CHHATTISGARH,DAKSHIN BASTAR DANTEWADA,5,1561,312
INDIA,CHHATTISGARH,DHAMTARI,11,4156,378
INDIA,CHHATTISGARH,DURG,197,151355,768
INDIA,CHHATTISGARH,JANJGIR-CHAMPA,26,8465,326
INDIA,CHHATTISGARH,JASHPUR,2,200,100
INDIA,CHHATTISGARH,KABEERDHAM,11,5505,500
INDIA,CHHATTISGARH,KORBA,51,17945,352
INDIA,CHHATTISGARH,KORIYA,6,320,53
INDIA,CHHATTISGARH,MAHASAMUND,9,3700,411
INDIA,CHHATTISGARH,RAIGARH,44,124784,2836
INDIA,CHHATTISGARH,RAIPUR,199,170343,856
INDIA,CHHATTISGARH,RAJNANDGAON,15,6327,422
INDIA,CHHATTISGARH,SURGUJA,21,10333,492
INDIA,CHHATTISGARH,UTTAR BASTAR KANKER,1,50,50
INDIA,DADRA & NAGAR HAVELI,DADRA & NAGAR HAVELI,24,11167,465
INDIA,DAMAN AND DIU,DAMAN,5,2151,430
INDIA,DAMAN AND DIU,DIU,2,1332,666
INDIA,DELHI,CENTRAL,347,2238048,6450
INDIA,DELHI,DELHI,634,1438340,2269
INDIA,DELHI,EAST,1516,1933805,1276
INDIA,DELHI,NEW DELHI,889,2750654,3094
INDIA,DELHI,NORTH,616,673353,1093
INDIA,DELHI,NORTH EAST,357,266361,746
INDIA,DELHI,NORTH WEST,995,1206432,1212
INDIA,DELHI,SOUTH,2111,4216857,1998
INDIA,DELHI,SOUTH WEST,1290,1746504,1354
INDIA,DELHI,WEST DELHI,1600,2322262,1451
INDIA,GOA,NORTH GOA,91,180211,1980
INDIA,GOA,SOUTH GOA,77,97691,1269
INDIA,GUJARAT,AHMEDABAD,498,1097070,2203
INDIA,GUJARAT,AMRELI,8,1756,220
INDIA,GUJARAT,ANAND,51,21363,419
INDIA,GUJARAT,BANAS KANTHA,13,5141,395
INDIA,GUJARAT,BHARUCH,71,56082,790
INDIA,GUJARAT,BHAVNAGAR,29,33505,1155
INDIA,GUJARAT,DOHAD,5,2800,560
INDIA,GUJARAT,GANDHINAGAR,35,30209,863
INDIA,GUJARAT,JAMNAGAR,31,42226,1362
INDIA,GUJARAT,JUNAGADH,26,54421,2093
INDIA,GUJARAT,KACHCHH,30,26351,878
INDIA,GUJARAT,KHEDA,7,21710,3101
INDIA,GUJARAT,MAHESANA,29,17726,611
INDIA,GUJARAT,NARMADA,1,101,101
INDIA,GUJARAT,NAVSARI,19,7693,405
INDIA,GUJARAT,PANCH MAHALS,9,17099,1900
INDIA,GUJARAT,PATAN,5,1010,202
INDIA,GUJARAT,PORBANDAR,5,4561,912
INDIA,GUJARAT,RAJKOT,64,267149,4174
INDIA,GUJARAT,SABAR KANTHA,9,3661,407
INDIA,GUJARAT,SURAT,192,216009,1125
INDIA,GUJARAT,SURENDRA NAGAR,7,6310,901
INDIA,GUJARAT,THE DANGS,1,100,100
INDIA,GUJARAT,VADODARA,200,282474,1412
INDIA,GUJARAT,VALSAD,30,38568,1286
INDIA,GUJARAT,VAPI,16,18676,1167
INDIA,HARYANA,AMBALA,90,171709,1908
INDIA,HARYANA,BHIWANI,113,133846,1184
INDIA,HARYANA,FARIDABAD,899,2483674,2763
INDIA,HARYANA,FATEHABAD,34,47783,1405
INDIA,HARYANA,GURGAON,2243,6243354,2783
INDIA,HARYANA,HISAR,215,270419,1258
INDIA,HARYANA,JHAJJAR,86,58246,677
INDIA,HARYANA,JIND,85,35201,414
INDIA,HARYANA,KAITHAL,33,24774,751
INDIA,HARYANA,KARNAL,119,83152,699
INDIA,HARYANA,KURUKSHETRA,105,110401,1051
INDIA,HARYANA,MAHENDRAGARH,80,55139,689
INDIA,HARYANA,MEWAT,12,4332,361
INDIA,HARYANA,OTHERS,2,20050,10025
INDIA,HARYANA,PALWAL,56,52299,934
INDIA,HARYANA,PANCHKULA,156,353387,2265
INDIA,HARYANA,PANIPAT,132,180212,1365
INDIA,HARYANA,REWARI,115,65440,569
INDIA,HARYANA,ROHTAK,152,193746,1275
INDIA,HARYANA,SIRSA,78,49780,638
INDIA,HARYANA,SONIPAT,165,580587,3519
INDIA,HARYANA,YAMUNANAGAR,78,140851,1806
INDIA,HIMACHAL PRADESH,BILASPUR,34,23553,693
INDIA,HIMACHAL PRADESH,CHAMBA,20,21215,1061
INDIA,HIMACHAL PRADESH,HAMIRPUR,43,44724,1040
INDIA,HIMACHAL PRADESH,KANGRA,82,74340,907
INDIA,HIMACHAL PRADESH,KINNAUR,7,1500,214
INDIA,HIMACHAL PRADESH,KULLU,25,38494,1540
INDIA,HIMACHAL PRADESH,LAHUL & SPITI,3,2000,667
INDIA,HIMACHAL PRADESH,MANDI,62,61011,984
INDIA,HIMACHAL PRADESH,SHIMLA,66,155212,2352
INDIA,HIMACHAL PRADESH,SIRMAUR,20,17903,895
INDIA,HIMACHAL PRADESH,SOLAN,53,29986,566
INDIA,HIMACHAL PRADESH,UNA,27,28213,1045
INDIA,JAMMU & KASHMIR,BANDIPORE,2,1200,600
INDIA,JAMMU & KASHMIR,DODA,2,111,56
INDIA,JAMMU & KASHMIR,GANDERBAL,1,500,500
INDIA,JAMMU & KASHMIR,JAMMU,51,34104,669
INDIA,JAMMU & KASHMIR,KATHUA,5,10770,2154
INDIA,JAMMU & KASHMIR,KISHTAWAR,1,1000,1000
INDIA,JAMMU & KASHMIR,KUPWARA,2,300,150
INDIA,JAMMU & KASHMIR,RAJOURI,1,101,101
INDIA,JAMMU & KASHMIR,REASI,2,1000,500
INDIA,JAMMU & KASHMIR,SAMBA,3,600,200
INDIA,JAMMU & KASHMIR,SRINAGAR,5,1295,259
INDIA,JAMMU & KASHMIR,UDHAMPUR,2,6000,3000
INDIA,JHARKHAND,BOKARO,113,133101,1178
INDIA,JHARKHAND,CHATRA,12,3464,289
INDIA,JHARKHAND,DEOGHAR,28,10049,359
INDIA,JHARKHAND,DHANBAD,99,44949,454
INDIA,JHARKHAND,DUMKA,11,2335,212
INDIA,JHARKHAND,GARHWA,10,3681,368
INDIA,JHARKHAND,GIRIDIH,14,8717,623
INDIA,JHARKHAND,GODDA,15,6372,425
INDIA,JHARKHAND,GUMLA,5,4600,920
INDIA,JHARKHAND,HAZARIBAGH,28,18785,671
INDIA,JHARKHAND,JAMTARA,3,1250,417
INDIA,JHARKHAND,KHUNTI,1,51,51
INDIA,JHARKHAND,KODERMA,9,5322,591
INDIA,JHARKHAND,LATEHAR,6,590,98
INDIA,JHARKHAND,LOHARDAGA,3,1020,340
INDIA,JHARKHAND,PAKUR,1,500,500
INDIA,JHARKHAND,PALAMU,15,6980,465
INDIA,JHARKHAND,PASHCHIMI SINGHBHUM,22,21034,956
INDIA,JHARKHAND,PURBI SINGHBHUM,202,100535,498
INDIA,JHARKHAND,RAMGARH,33,14919,452
INDIA,JHARKHAND,RANCHI,209,207274,992
INDIA,JHARKHAND,SAHIBGANJ,10,7832,783
INDIA,JHARKHAND,SARAIKELA-KHARSAWAN,17,6661,392
INDIA,KARNATAKA,BAGALKOT,22,83511,3796
INDIA,KARNATAKA,BANGALORE,6928,12232192,1766
INDIA,KARNATAKA,BANGALORE RURAL,50,93561,1871
INDIA,KARNATAKA,BELGAUM,95,126169,1328
INDIA,KARNATAKA,BELLARY,31,21539,695
INDIA,KARNATAKA,BIDAR,21,19733,940
INDIA,KARNATAKA,BIJAPUR,27,19378,718
INDIA,KARNATAKA,CHAMRAJNAGAR,4,701,175
INDIA,KARNATAKA,CHICKMAGALUR,16,32708,2044
INDIA,KARNATAKA,CHIKKABALLAPUR,4,1851,463
INDIA,KARNATAKA,CHITRADURGA,6,3601,600
INDIA,KARNATAKA,DAKSHINA KANNADA,89,203143,2283
INDIA,KARNATAKA,DAVANGERE,28,30103,1075
INDIA,KARNATAKA,DHARWAD,77,61241,795
INDIA,KARNATAKA,GADAG,12,8512,709
INDIA,KARNATAKA,GULBARGA,49,56511,1153
INDIA,KARNATAKA,HASSAN,16,23362,1460
INDIA,KARNATAKA,HAVERI,13,32632,2510
INDIA,KARNATAKA,KODAGU,11,10501,955
INDIA,KARNATAKA,KOLAR,7,4350,621
INDIA,KARNATAKA,KOPPAL,4,1000,250
INDIA,KARNATAKA,MANDYA,9,3560,396
INDIA,KARNATAKA,MYSORE,106,132955,1254
INDIA,KARNATAKA,RAICHUR,29,27400,945
INDIA,KARNATAKA,RAMANAGARA,6,5250,875
INDIA,KARNATAKA,SHIMOGA,22,12853,584
INDIA,KARNATAKA,TUMKUR,24,22293,929
INDIA,KARNATAKA,UDUPI,85,93602,1101
INDIA,KARNATAKA,UTTARA KANNADA,57,67126,1178
INDIA,KARNATAKA,YADGIR,7,18400,2629
INDIA,KERALA,ALAPPUZHA,52,88230,1697
INDIA,KERALA,ERNAKULAM,242,212735,879
INDIA,KERALA,IDUKKI,20,7996,400
INDIA,KERALA,KANNUR,59,50519,856
INDIA,KERALA,KASARAGOD,16,6460,404
INDIA,KERALA,KOLLAM,51,32714,641
INDIA,KERALA,KOTTAYAM,63,71765,1139
INDIA,KERALA,KOZHIKODE,88,52901,601
INDIA,KERALA,MALAPPURAM,45,27354,608
INDIA,KERALA,PALAKKAD,40,65869,1647
INDIA,KERALA,PATHANAMTHITTA,26,32104,1235
INDIA,KERALA,THIRUVANANTHAPURAM,199,292432,1470
INDIA,KERALA,THRISSUR,106,113523,1071
INDIA,KERALA,WAYANAD,12,9100,758
INDIA,MADHYA PRADESH,ALIRAJPUR,2,1600,800
INDIA,MADHYA PRADESH,ANUPPUR,13,3162,243
INDIA,MADHYA PRADESH,ASHOKNAGAR,12,8561,713
INDIA,MADHYA PRADESH,BADWANI,4,810,203
INDIA,MADHYA PRADESH,BALAGHAT,12,4882,407
INDIA,MADHYA PRADESH,BETUL,15,6982,465
INDIA,MADHYA PRADESH,BHIND,22,18615,846
INDIA,MADHYA PRADESH,BHOPAL,397,416312,1049
INDIA,MADHYA PRADESH,BURHANPUR,8,2731,341
INDIA,MADHYA PRADESH,CHHATARPUR,29,38540,1329
INDIA,MADHYA PRADESH,CHHINDWARA,12,4022,335
INDIA,MADHYA PRADESH,DAMOH,16,4550,284
INDIA,MADHYA PRADESH,DATIA,9,2820,313
INDIA,MADHYA PRADESH,DEWAS,21,9942,473
INDIA,MADHYA PRADESH,DHAR,13,4861,374
INDIA,MADHYA PRADESH,DINDORI,2,351,176
INDIA,MADHYA PRADESH,GUNA,28,23675,846
INDIA,MADHYA PRADESH,GWALIOR,189,144317,764
INDIA,MADHYA PRADESH,HARDA,15,3042,203
INDIA,MADHYA PRADESH,HOSHANGABAD,28,27651,988
INDIA,MADHYA PRADESH,INDORE,471,497080,1055
INDIA,MADHYA PRADESH,JABALPUR,182,202643,1113
INDIA,MADHYA PRADESH,JHABUA,1,200,200
INDIA,MADHYA PRADESH,KATNI,42,30289,721
INDIA,MADHYA PRADESH,KHARGONE,1,100000,100000
INDIA,MADHYA PRADESH,MANDLA,9,2465,274
INDIA,MADHYA PRADESH,MANDSOR,17,7325,431
INDIA,MADHYA PRADESH,MORENA,32,20678,646
INDIA,MADHYA PRADESH,NARSINGHPUR,29,19552,674
INDIA,MADHYA PRADESH,NEEMUCH,11,5902,537
INDIA,MADHYA PRADESH,PANNA,14,547,39
INDIA,MADHYA PRADESH,RAISEN,10,5213,521
INDIA,MADHYA PRADESH,RAJGARH,5,663,133
INDIA,MADHYA PRADESH,RATLAM,13,14665,1128
INDIA,MADHYA PRADESH,REWA,69,26800,388
INDIA,MADHYA PRADESH,SAGAR,43,33618,782
INDIA,MADHYA PRADESH,SATNA,48,16000,333
INDIA,MADHYA PRADESH,SEHORE,11,4583,417
INDIA,MADHYA PRADESH,SEONI,17,7774,457
INDIA,MADHYA PRADESH,SHAHDOL,22,26264,1194
INDIA,MADHYA PRADESH,SHAJAPUR,15,3112,207
INDIA,MADHYA PRADESH,SHEOPUR,3,701,234
INDIA,MADHYA PRADESH,SHIVPURI,26,8941,344
INDIA,MADHYA PRADESH,SIDHI,10,1172,117
INDIA,MADHYA PRADESH,SINGRAULI,42,27489,655
INDIA,MADHYA PRADESH,TIKAMGARH,25,13733,549
INDIA,MADHYA PRADESH,UJJAIN,47,51373,1093
INDIA,MADHYA PRADESH,UMARIYA,4,460,115
INDIA,MADHYA PRADESH,VIDISHA,21,33223,1582
INDIA,MADHYA PRADESH,WEST NIMAR,29,14134,487
INDIA,MAHARASHTRA,AHMEDNAGAR,42,50067,1192
INDIA,MAHARASHTRA,AKOLA,38,25323,666
INDIA,MAHARASHTRA,AMRAVATI,64,40420,632
INDIA,MAHARASHTRA,AURANGABAD,70,57173,817
INDIA,MAHARASHTRA,BEED,24,9991,416
INDIA,MAHARASHTRA,BHANDARA,35,22620,646
INDIA,MAHARASHTRA,BULDANA,22,11757,534
INDIA,MAHARASHTRA,CHANDRAPUR,50,24478,490
INDIA,MAHARASHTRA,DHULE,24,29718,1238
INDIA,MAHARASHTRA,GADCHIROLI,6,710,118
INDIA,MAHARASHTRA,GONDIA,12,18013,1501
INDIA,MAHARASHTRA,JALGAON,69,55640,806
INDIA,MAHARASHTRA,JALNA,13,13716,1055
INDIA,MAHARASHTRA,KOLHAPUR,88,77755,884
INDIA,MAHARASHTRA,LATUR,59,55761,945
INDIA,MAHARASHTRA,MUMBAI,2756,13210994,4794
INDIA,MAHARASHTRA,MUMBAI SUBURBAN,971,2631430,2710
INDIA,MAHARASHTRA,NAGPUR,359,413246,1151
INDIA,MAHARASHTRA,NANDED,25,19376,775
INDIA,MAHARASHTRA,NANDURBAR,2,1500,750
INDIA,MAHARASHTRA,NASHIK,154,302524,1964
INDIA,MAHARASHTRA,OSMANABAD,9,4581,509
INDIA,MAHARASHTRA,PARBHANI,8,3061,383
INDIA,MAHARASHTRA,PUNE,3043,4992543,1641
INDIA,MAHARASHTRA,RAIGAD,189,329632,1744
INDIA,MAHARASHTRA,RATNAGIRI,18,8596,478
INDIA,MAHARASHTRA,SANGLI,40,33505,838
INDIA,MAHARASHTRA,SATARA,42,32628,777
INDIA,MAHARASHTRA,SINDHUDURG,16,15702,981
INDIA,MAHARASHTRA,SOLAPUR,56,69863,1248
INDIA,MAHARASHTRA,THANE,1127,1928263,1711
INDIA,MAHARASHTRA,WARDHA,40,20730,518
INDIA,MAHARASHTRA,WASHIM,11,1766,161
INDIA,MAHARASHTRA,YAVATMAL,28,18871,674
INDIA,MANIPUR,BISHNUPUR,2,601,301
INDIA,MANIPUR,IMPHAL EAST,2,200,100
INDIA,MANIPUR,IMPHAL WEST,4,2500,625
INDIA,MANIPUR,TAMENGLONG,1,500,500
INDIA,MANIPUR,THOUBAL,4,2216,554
INDIA,MEGHALAYA,EAST KHASI HILLS,18,6371,354
INDIA,MEGHALAYA,JAINTIA HILLS,1,100,100
INDIA,MEGHALAYA,WEST GARO HILLS,1,200,200
INDIA,MEGHALAYA,WEST KHASI HILLS,2,3000,1500
INDIA,MIZORAM,AIZAWL,4,6300,1575
INDIA,MIZORAM,KOLASIB,1,500,500
INDIA,NAGALAND,DIMAPUR,7,9460,1351
INDIA,NAGALAND,KOHIMA,1,600,600
INDIA,NAGALAND,MOKOKCHUNG,1,100,100
INDIA,ORISSA,ANGUL,91,56278,618
INDIA,ORISSA,BALANGIR,37,14652,396
INDIA,ORISSA,BALASORE,61,17117,281
INDIA,ORISSA,BALESHWAR,9,3600,400
INDIA,ORISSA,BARAGARH,17,8009,471
INDIA,ORISSA,BAUDH,4,630,158
INDIA,ORISSA,BHADRAK,53,32571,615
INDIA,ORISSA,BHUBANESWAR,11,29700,2700
INDIA,ORISSA,CUTTACK,138,81951,594
INDIA,ORISSA,DEBAGARH,5,3091,618
INDIA,ORISSA,DHENKANAL,30,11526,384
INDIA,ORISSA,GAJAPATI,10,12855,1286
INDIA,ORISSA,GANJAM,174,89216,513
INDIA,ORISSA,JAGATSINGHPUR,75,39742,530
INDIA,ORISSA,JAJAPUR,67,23687,354
INDIA,ORISSA,JHARSUGUDA,35,23767,679
INDIA,ORISSA,KALAHANDI,29,10044,346
INDIA,ORISSA,KANDHAMAL,7,2502,357
INDIA,ORISSA,KENDARAPARA,57,26888,472
INDIA,ORISSA,KENDUJHAR,43,31555,734
INDIA,ORISSA,KHORDHA,448,345724,772
INDIA,ORISSA,KORAPUT,53,23716,447
INDIA,ORISSA,MALKANGIRI,3,300,100
INDIA,ORISSA,MAYURBHANJ,36,15971,444
INDIA,ORISSA,NABARANGPUR,4,2816,704
INDIA,ORISSA,NAYAGARH,28,32889,1175
INDIA,ORISSA,NUAPADA,9,8402,934
INDIA,ORISSA,PURI,59,29560,501
INDIA,ORISSA,RAYAGADA,25,97952,3918
INDIA,ORISSA,SAMBALPUR,55,826375,15025
INDIA,ORISSA,SONEPUR,8,6284,786
INDIA,ORISSA,SUBARNAPUR,2,70,35
INDIA,ORISSA,SUNDERGARH,117,71354,610
INDIA,PUDUCHERRY,KARAIKAL,1,500,500
INDIA,PUDUCHERRY,PUDUCHERRY,50,61453,1229
INDIA,PUDUCHERRY,YANAM,1,111,111
INDIA,PUNJAB,AMRITSAR,139,114327,822
INDIA,PUNJAB,BARNALA,12,7026,586
INDIA,PUNJAB,BATHINDA,72,132669,1843
INDIA,PUNJAB,FARIDKOT,27,26901,996
INDIA,PUNJAB,FATEHGARH SAHIB,9,9301,1033
INDIA,PUNJAB,FEROZEPUR,67,53204,794
INDIA,PUNJAB,GURDASPUR,69,128925,1868
INDIA,PUNJAB,HOSHIARPUR,61,178258,2922
INDIA,PUNJAB,JALANDHAR,136,179098,1317
INDIA,PUNJAB,KAPURTHALA,32,126407,3950
INDIA,PUNJAB,LUDHIANA,213,706321,3316
INDIA,PUNJAB,MANSA,28,94524,3376
INDIA,PUNJAB,MOGA,11,10139,922
INDIA,PUNJAB,MOHALI,168,134031,798
INDIA,PUNJAB,MUKTSAR,14,10652,761
INDIA,PUNJAB,PATIALA,158,243756,1543
INDIA,PUNJAB,ROPAR,32,35785,1118
INDIA,PUNJAB,RUPNAGAR,13,7064,543
INDIA,PUNJAB,SAHIBZADA AJIT SINGH NAGAR,33,39860,1208
INDIA,PUNJAB,SANGRUR,37,18028,487
INDIA,PUNJAB,SHAHID BHAGAT SINGH NAGAR,20,7070,354
INDIA,PUNJAB,TARN TARAN,7,3110,444
INDIA,RAJASTHAN,AJMER,96,65974,687
INDIA,RAJASTHAN,ALWAR,133,141868,1067
INDIA,RAJASTHAN,BANSWARA,22,25682,1167
INDIA,RAJASTHAN,BARAN,11,14222,1293
INDIA,RAJASTHAN,BARMER,15,53392,3559
INDIA,RAJASTHAN,BHARATPUR,31,14004,452
INDIA,RAJASTHAN,BHILWARA,57,29875,524
INDIA,RAJASTHAN,BIKANER,53,34836,657
INDIA,RAJASTHAN,BUNDI,5,5000,1000
INDIA,RAJASTHAN,CHITTAURGARH,45,32986,733
INDIA,RAJASTHAN,CHURU,31,23199,748
INDIA,RAJASTHAN,DAUSA,32,9542,298
INDIA,RAJASTHAN,DHOLPUR,14,3218,230
INDIA,RAJASTHAN,DUNGARPUR,17,9721,572
INDIA,RAJASTHAN,GANGANAGAR,61,42650,699
INDIA,RAJASTHAN,HANUMANGARH,48,60366,1258
INDIA,RAJASTHAN,JAIPUR,674,852351,1265
INDIA,RAJASTHAN,JAISALMER,6,2910,485
INDIA,RAJASTHAN,JALORE,12,7922,660
INDIA,RAJASTHAN,JHALAWAR,13,16374,1260
INDIA,RAJASTHAN,JHUNJHUNU,98,70031,715
INDIA,RAJASTHAN,JODHPUR,133,105963,797
INDIA,RAJASTHAN,KARAULI,29,15286,527
INDIA,RAJASTHAN,KOTA,127,129407,1019
INDIA,RAJASTHAN,NAGAUR,28,8715,311
INDIA,RAJASTHAN,PALI,34,15780,464
INDIA,RAJASTHAN,PRATAPGARH,3,321,107
INDIA,RAJASTHAN,RAJSAMAND,8,3551,444
INDIA,RAJASTHAN,SAWAI MADHOPUR,18,6283,349
INDIA,RAJASTHAN,SIKAR,68,36217,533
INDIA,RAJASTHAN,SIROHI,12,16182,1349
INDIA,RAJASTHAN,TONK,34,5483,161
INDIA,RAJASTHAN,UDAIPUR,99,157817,1594
INDIA,SIKKIM,EAST DISTRICT,7,2811,402
INDIA,SIKKIM,SOUTH DISTRICT,7,16580,2369
INDIA,SIKKIM,WEST DISTRICT,3,800,267
INDIA,TAMIL NADU,ARIYALUR,4,2100,525
INDIA,TAMIL NADU,CHENNAI,1327,2530094,1907
INDIA,TAMIL NADU,COIMBATORE,179,266579,1489
INDIA,TAMIL NADU,CUDDALORE,18,16333,907
INDIA,TAMIL NADU,DHARMAPURI,8,3300,413
INDIA,TAMIL NADU,DINDIGUL,7,1880,269
INDIA,TAMIL NADU,ERODE,47,54540,1160
INDIA,TAMIL NADU,KANCHEEPURAM,110,120765,1098
INDIA,TAMIL NADU,KANNIYAKUMARI,22,17830,810
INDIA,TAMIL NADU,KARUR,9,7300,811
INDIA,TAMIL NADU,KRISHNAGIRI,20,17212,861
INDIA,TAMIL NADU,MADURAI,53,49543,935
INDIA,TAMIL NADU,NAGAPATTINAM,7,7165,1024
INDIA,TAMIL NADU,NAMAKKAL,22,18970,862
INDIA,TAMIL NADU,PUDUKOTTAI,7,6180,883
INDIA,TAMIL NADU,RAMANATHAPURAM,3,10101,3367
INDIA,TAMIL NADU,SALEM,30,35162,1172
INDIA,TAMIL NADU,SIVAGANGA,12,5400,450
INDIA,TAMIL NADU,THANJAVUR,20,16901,845
INDIA,TAMIL NADU,THE NILGIRIS,5,3400,680
INDIA,TAMIL NADU,THENI,5,7010,1402
INDIA,TAMIL NADU,THIRUVALLUR,33,67503,2046
INDIA,TAMIL NADU,THIRUVARUR,4,2000,500
INDIA,TAMIL NADU,THOOTHUKKUDI,19,11435,602
INDIA,TAMIL NADU,TIRUCHIRAPPALLI,64,74143,1158
INDIA,TAMIL NADU,TIRUNELVELI,36,14246,396
INDIA,TAMIL NADU,TIRUPUR,31,11112,358
INDIA,TAMIL NADU,TIRUVANNAMALAI,4,9200,2300
INDIA,TAMIL NADU,VELLORE,52,49008,942
INDIA,TAMIL NADU,VILLUPURAM,11,13860,1260
INDIA,TAMIL NADU,VIRUDHUNAGAR,11,8670,788
INDIA,TRIPURA,NORTH TRIPURA,3,1700,567
INDIA,TRIPURA,SOUTH TRIPURA,2,11,6
INDIA,TRIPURA,WEST TRIPURA,21,7403,353
INDIA,UTTAR PRADESH,AGRA,235,181825,774
INDIA,UTTAR PRADESH,ALIGARH,97,105159,1084
INDIA,UTTAR PRADESH,ALLAHABAD,331,431845,1305
INDIA,UTTAR PRADESH,AMBEDKAR NAGAR,54,21787,403
INDIA,UTTAR PRADESH,AMETHI,28,11483,410
INDIA,UTTAR PRADESH,AURAIYA,36,22774,633
INDIA,UTTAR PRADESH,AZAMGARH,69,33548,486
INDIA,UTTAR PRADESH,BADAUN,14,8159,583
INDIA,UTTAR PRADESH,BAGHPAT,28,14066,502
INDIA,UTTAR PRADESH,BAHRAICH,10,4735,474
INDIA,UTTAR PRADESH,BALLIA,66,28436,431
INDIA,UTTAR PRADESH,BALRAMPUR,2,1000,500
INDIA,UTTAR PRADESH,BANDA,29,8280,286
INDIA,UTTAR PRADESH,BARABANKI,27,7043,261
INDIA,UTTAR PRADESH,BAREILLY,119,103312,868
INDIA,UTTAR PRADESH,BASTI,54,21830,404
INDIA,UTTAR PRADESH,BIJNOR,53,35150,663
INDIA,UTTAR PRADESH,BULANDSHAHR,98,67253,686
INDIA,UTTAR PRADESH,CHANDAULI,35,10546,301
INDIA,UTTAR PRADESH,CHITRAKOOT,14,8193,585
INDIA,UTTAR PRADESH,DEORIA,49,23636,482
INDIA,UTTAR PRADESH,ETAH,26,13194,507
INDIA,UTTAR PRADESH,ETAWAH,33,6365,193
INDIA,UTTAR PRADESH,FAIZABAD,48,19058,397
INDIA,UTTAR PRADESH,FARRUKHABAD,26,10633,409
INDIA,UTTAR PRADESH,FATEHPUR,19,15302,805
INDIA,UTTAR PRADESH,FIROZABAD,36,33745,937
INDIA,UTTAR PRADESH,GAUTAM BUDDHA NAGAR,1631,10729704,6579
INDIA,UTTAR PRADESH,GHAZIABAD,1878,2418979,1288
INDIA,UTTAR PRADESH,GHAZIPUR,58,32602,562
INDIA,UTTAR PRADESH,GONDA,31,7854,253
INDIA,UTTAR PRADESH,GORAKHPUR,157,87614,558
INDIA,UTTAR PRADESH,HAMIRPUR,21,15745,750
INDIA,UTTAR PRADESH,HAPUR,51,26766,525
INDIA,UTTAR PRADESH,HARDOI,26,13185,507
INDIA,UTTAR PRADESH,JALAUN,42,47005,1119
INDIA,UTTAR PRADESH,JAUNPUR,67,35235,526
INDIA,UTTAR PRADESH,JHANSI,116,106850,921
INDIA,UTTAR PRADESH,JYOTIBA PHULE NAGAR,17,4193,247
INDIA,UTTAR PRADESH,KANNAUJ,18,14769,821
INDIA,UTTAR PRADESH,KANPUR DEHAT (RAMA BAI NAGAR),36,35910,998
INDIA,UTTAR PRADESH,KANPUR NAGAR,549,742091,1352
INDIA,UTTAR PRADESH,KANSHIRAM NAGAR,13,4212,324
INDIA,UTTAR PRADESH,KAUSHAMBI,6,1951,325
INDIA,UTTAR PRADESH,KUSHINAGAR,49,20112,410
INDIA,UTTAR PRADESH,LAKHIMPUR KHERI,34,25705,756
INDIA,UTTAR PRADESH,LALITPUR,11,5011,456
INDIA,UTTAR PRADESH,LUCKNOW,777,845835,1089
INDIA,UTTAR PRADESH,MAHAMAYA NAGAR,19,7301,384
INDIA,UTTAR PRADESH,MAHARAJGANJ,20,4505,225
INDIA,UTTAR PRADESH,MAHOBA,19,4664,245
INDIA,UTTAR PRADESH,MAINPURI,25,7486,299
INDIA,UTTAR PRADESH,MATHURA,149,192014,1289
INDIA,UTTAR PRADESH,MAU,30,12403,413
INDIA,UTTAR PRADESH,MEERUT,224,297123,1326
INDIA,UTTAR PRADESH,MIRZAPUR,45,19508,434
INDIA,UTTAR PRADESH,MORADABAD,82,66592,812
INDIA,UTTAR PRADESH,MUZAFFARNAGAR,92,69743,758
INDIA,UTTAR PRADESH,PILIBHIT,17,3625,213
INDIA,UTTAR PRADESH,PRABUDDHA NAGAR (SHAMLI),2,11700,5850
INDIA,UTTAR PRADESH,PRATAPGARH,106,27219,257
INDIA,UTTAR PRADESH,RAE BARELI,67,18628,278
INDIA,UTTAR PRADESH,RAMPUR,15,11797,786
INDIA,UTTAR PRADESH,SAHARANPUR,97,87909,906
INDIA,UTTAR PRADESH,SANT KABIR NAGAR,14,9160,654
INDIA,UTTAR PRADESH,SANT RAVIDAS NAGAR (BHADOHI),13,3231,249
INDIA,UTTAR PRADESH,SHAHJAHANPUR,28,9404,336
INDIA,UTTAR PRADESH,SHRAVASTI,2,60,30
INDIA,UTTAR PRADESH,SIDDHARTH NAGAR,15,4876,325
INDIA,UTTAR PRADESH,SITAPUR,29,13928,480
INDIA,UTTAR PRADESH,SONBHADRA,88,42270,480
INDIA,UTTAR PRADESH,SULTANPUR,47,19938,424
INDIA,UTTAR PRADESH,UNNAO,38,17938,472
INDIA,UTTAR PRADESH,VARANASI,239,169173,708
INDIA,UTTARAKHAND,ALMORA,56,30419,543
INDIA,UTTARAKHAND,BAGESHWAR,16,4362,273
INDIA,UTTARAKHAND,CHAMOLI,16,9324,583
INDIA,UTTARAKHAND,CHAMPAWAT,12,11322,944
INDIA,UTTARAKHAND,DEHRA DUN,292,492727,1687
INDIA,UTTARAKHAND,GARHWAL,55,36677,667
INDIA,UTTARAKHAND,HARIDWAR,216,274149,1269
INDIA,UTTARAKHAND,NANITAL,94,175298,1865
INDIA,UTTARAKHAND,PITHORAGARH,36,13649,379
INDIA,UTTARAKHAND,RUDRAPRAYAG,11,4821,438
INDIA,UTTARAKHAND,TEHRI GARHWAL,23,10706,465
INDIA,UTTARAKHAND,UDHAM SINGH NAGAR,85,56125,660
INDIA,UTTARAKHAND,UTTARKASHI,9,2712,301
INDIA,WEST BENGAL,BANKURA,6,6350,1058
INDIA,WEST BENGAL,BARDDHAMAN,134,137983,1030
INDIA,WEST BENGAL,BIRBHUM,10,4160,416
INDIA,WEST BENGAL,DAKSHIN DINAJPUR,5,1311,262
INDIA,WEST BENGAL,DARJILING,40,36393,910
INDIA,WEST BENGAL,HAORA,49,31025,633
INDIA,WEST BENGAL,HUGLI,75,43070,574
INDIA,WEST BENGAL,JALPAIGURI,22,8009,364
INDIA,WEST BENGAL,KOCH BIHAR,10,7933,793
INDIA,WEST BENGAL,KOLKATA,637,816538,1282
INDIA,WEST BENGAL,MALDAH,12,7120,593
INDIA,WEST BENGAL,MURSHIDABAD,14,4708,336
INDIA,WEST BENGAL,NADIA,22,5023,228
INDIA,WEST BENGAL,NORTH TWENTY FOUR PARGANAS,100,82459,825
INDIA,WEST BENGAL,PASCHIM MEDINIPUR,154,68159,443
INDIA,WEST BENGAL,PURBA MEDINIPUR,34,27770,817
INDIA,WEST BENGAL,PURULIA,11,5451,496
INDIA,WEST BENGAL,SOUTH 24 PARGANAS,48,67557,1407
INDIA,WEST BENGAL,UTTAR DINAJPUR,14,3201,229
